{
  "bounds": [
    [
      -0.04930099844932556,
      0.04930099844932556
    ],
    [
      -0.049302998930215836,
      0.04930400103330612
    ],
    [
      -0.07930199801921844,
      0.01014500018209219
    ]
  ],
  "sequence_length": 80,
  "default_connectivity_radius": 0.025,
  "dim": 3,
  "dt": 0.0025,
  "vel_mean": [
    -6.132930820967886e-07,
    1.7549969300034718e-07,
    -3.5302105970913544e-05
  ],
  "vel_std": [
    8.307697862619534e-05,
    8.185085607692599e-05,
    0.000319874903652817
  ],
  "acc_mean": [
    0.0,
    0.0,
    0.0
  ],
  "acc_std": [
    1.0,
    1.0,
    1.0
  ]
}